idx,g0,g1,g2,g3,g4,g5,g6,max_violation,feasible
0,0.000000,-0.600000,0.000000,-0.090612,-54.978612,-40.006765,-0.483307,0.000000,1
