{
  "config": {
    "pop": 128,
    "gen": 100,
    "rpm": 3000.0,
    "torque": 200.0,
    "fidelity": 1,
    "seed": 1,
    "outdir": "diagnostic_nsga3_v1",
    "partitions": 12
  },
  "metrics": {
    "total_time_s": 47.21283197402954,
    "n_evals": 12800,
    "n_pareto": 21
  },
  "objectives_min": [
    -0.3453426215312897,
    2.178042622307593,
    38.097205203505396
  ],
  "objectives_max": [
    -0.3216974650950419,
    25.44678604785614,
    51.59420134826617
  ]
}