{
  "config": {
    "pop": 64,
    "gen": 50,
    "rpm": 3000.0,
    "torque": 200.0,
    "fidelity": 1,
    "seed": 123
  },
  "results": {
    "total_time_s": 6.407827737974003,
    "n_evals": 3200,
    "n_pareto": 16,
    "pareto_feasible": 16,
    "pareto_feasible_fraction": 1.0,
    "avg_eval_time_ms": 1.8181485211243853,
    "std_eval_time_ms": 0.13564051621088638
  },
  "objectives": {
    "best_efficiency": 0.10788690129631845,
    "worst_efficiency": 0.1078216909997051,
    "best_loss": 5.530090420826164,
    "worst_loss": 71.42685879407665
  },
  "final_generation": {
    "generation": 50,
    "n_feasible": 64,
    "feasible_fraction": 1.0,
    "mean_max_violation": 0.0,
    "median_max_violation": 0.0,
    "f0_mean": -0.10788248990885463,
    "f1_mean": 21.29315938884424,
    "n_pareto": 16
  }
}