{
  "n_pareto": 1,
  "n_evals": 80,
  "elapsed_s": 0.16409570106770843,
  "pop_size": 16,
  "n_gen": 5,
  "rpm": 3000.0,
  "torque": 200.0,
  "fidelity": 0,
  "seed": 42,
  "F_min": [
    -0.0,
    160.05699571159937
  ],
  "F_max": [
    -0.0,
    160.05699571159937
  ],
  "n_feasible": 1
}